timestamp,building_id,wifi_connection_count,class_scheduled_size,ambient_temperature,actual_occupancy
2024-01-01 00:00:00,B3,256,163,27.676843406794074,235
2024-01-01 01:00:00,B1,396,250,23.5108785311635,351
2024-01-01 02:00:00,B3,252,226,18.62347893065122,228
2024-01-01 03:00:00,B3,40,6,27.435338392608397,34
2024-01-01 04:00:00,B1,49,28,20.416365385631693,48
2024-01-01 05:00:00,B1,238,32,21.103450018656467,144
2024-01-01 06:00:00,B3,45,133,19.97647624118755,88
2024-01-01 07:00:00,B2,417,78,21.96258077845797,296
2024-01-01 08:00:00,B3,232,57,27.08101806826362,150
2024-01-01 09:00:00,B3,15,25,24.23263031404725,9
2024-01-01 10:00:00,B3,331,225,20.45857528980855,298
2024-01-01 11:00:00,B3,477,284,28.53396093782449,402
2024-01-01 12:00:00,B1,229,3,28.554982259418352,144
2024-01-01 13:00:00,B3,84,98,28.44694110055208,93
2024-01-01 14:00:00,B2,13,38,20.865554536578472,26
2024-01-01 15:00:00,B1,344,270,23.414872130171858,301
2024-01-01 16:00:00,B2,143,284,29.8198758736905,209
2024-01-01 17:00:00,B2,127,156,27.264149715719885,150
2024-01-01 18:00:00,B2,378,74,18.326009054706716,254
2024-01-01 19:00:00,B2,103,287,18.782455095125904,176
2024-01-01 20:00:00,B1,495,129,23.567176521747992,333
2024-01-01 21:00:00,B1,444,174,28.910642470338722,341
2024-01-01 22:00:00,B2,71,83,24.46442157543257,81
2024-01-01 23:00:00,B2,450,21,23.973750096411482,277
2024-01-02 00:00:00,B1,203,26,19.265684399479568,143
2024-01-02 01:00:00,B1,344,194,25.881361256691527,280
2024-01-02 02:00:00,B1,212,235,27.865237927202706,226
2024-01-02 03:00:00,B3,401,91,22.565040090090747,266
2024-01-02 04:00:00,B3,35,20,27.30734221110393,28
2024-01-02 05:00:00,B3,444,83,29.573719846809738,297
2024-01-02 06:00:00,B2,182,261,20.44519750953227,215
2024-01-02 07:00:00,B3,309,146,24.279955574336896,240
2024-01-02 08:00:00,B2,142,256,21.445655497014908,186
2024-01-02 09:00:00,B2,335,57,27.514253028406074,232
2024-01-02 10:00:00,B3,419,14,24.931120390573888,252
2024-01-02 11:00:00,B2,127,161,25.614989010603644,124
2024-01-02 12:00:00,B3,333,162,27.574969915390728,282
2024-01-02 13:00:00,B3,284,280,22.751645671949458,296
2024-01-02 14:00:00,B1,221,279,28.981080820884518,231
2024-01-02 15:00:00,B3,234,11,24.39634640695368,151
2024-01-02 16:00:00,B1,29,273,19.895457874024174,121
2024-01-02 17:00:00,B3,122,270,26.350789418025627,183
2024-01-02 18:00:00,B3,149,207,27.519136205259052,175
2024-01-02 19:00:00,B1,56,26,21.80114012481032,41
2024-01-02 20:00:00,B1,10,71,28.286151083985036,26
2024-01-02 21:00:00,B3,99,59,28.8737190571892,76
2024-01-02 22:00:00,B2,151,144,21.322853848533708,139
2024-01-02 23:00:00,B1,329,92,29.802257672582662,225
2024-01-03 00:00:00,B2,47,7,19.6885383365851,30
2024-01-03 01:00:00,B2,302,78,20.42418802082988,205
2024-01-03 02:00:00,B2,391,26,20.210698070856314,251
2024-01-03 03:00:00,B1,148,173,28.727876520094444,172
2024-01-03 04:00:00,B2,365,49,25.851510627899543,232
2024-01-03 05:00:00,B1,342,198,19.825251398667273,286
2024-01-03 06:00:00,B2,268,180,23.28388102042019,237
2024-01-03 07:00:00,B3,170,23,25.383576300837625,115
2024-01-03 08:00:00,B3,399,45,19.001569019872598,258
2024-01-03 09:00:00,B1,187,14,28.588996420888066,125
2024-01-03 10:00:00,B3,19,152,27.64324242529842,77
2024-01-03 11:00:00,B3,270,221,24.06248128291966,238
2024-01-03 12:00:00,B2,416,205,29.605519383110046,340
2024-01-03 13:00:00,B1,147,272,23.013131751301195,205
2024-01-03 14:00:00,B2,181,235,29.809323828437975,194
2024-01-03 15:00:00,B2,395,227,26.015039985643526,328
2024-01-03 16:00:00,B2,22,8,25.6160552790473,23
2024-01-03 17:00:00,B2,177,165,19.99145874354942,170
2024-01-03 18:00:00,B2,139,213,28.583133099655726,179
2024-01-03 19:00:00,B2,93,116,23.12987625504738,125
2024-01-03 20:00:00,B2,330,71,19.94680086938975,218
2024-01-03 21:00:00,B1,328,63,18.15129023970911,208
2024-01-03 22:00:00,B3,110,204,24.71706820366059,150
2024-01-03 23:00:00,B2,338,208,24.328795465472115,293
2024-01-04 00:00:00,B2,282,71,26.632243468429902,195
2024-01-04 01:00:00,B2,274,276,28.683096636213627,289
2024-01-04 02:00:00,B2,468,273,18.952879015716356,376
2024-01-04 03:00:00,B2,408,94,26.777957884084348,289
2024-01-04 04:00:00,B2,417,165,20.248943329170988,310
2024-01-04 05:00:00,B3,47,31,28.29812463788597,57
2024-01-04 06:00:00,B3,428,10,27.82876216633987,280
2024-01-04 07:00:00,B2,103,216,24.489525059826533,140
2024-01-04 08:00:00,B3,104,288,26.52291358347974,172
2024-01-04 09:00:00,B1,314,101,21.77220135820498,237
2024-01-04 10:00:00,B2,78,266,23.654014787193773,149
2024-01-04 11:00:00,B1,327,213,27.85964277252566,280
2024-01-04 12:00:00,B1,453,178,23.511182366078565,343
2024-01-04 13:00:00,B2,245,87,22.2935791839053,162
2024-01-04 14:00:00,B3,443,40,23.9305493670036,281
2024-01-04 15:00:00,B1,343,75,27.938991029246623,228
2024-01-04 16:00:00,B2,382,45,22.02249656845047,242
2024-01-04 17:00:00,B1,385,159,20.085139117628927,309
2024-01-04 18:00:00,B1,468,79,26.54416824396937,299
2024-01-04 19:00:00,B1,146,85,27.91173855249698,129
2024-01-04 20:00:00,B1,427,91,19.2076497422824,289
2024-01-04 21:00:00,B3,85,147,20.878489353071338,107
2024-01-04 22:00:00,B1,492,160,19.703663877131927,367
2024-01-04 23:00:00,B1,44,201,22.175296938986,110
2024-01-05 00:00:00,B1,10,241,23.404211746864952,108
2024-01-05 01:00:00,B3,305,1,26.985916043559676,193
2024-01-05 02:00:00,B1,329,224,25.81377101858009,283
2024-01-05 03:00:00,B1,415,288,25.451142809741174,358
2024-01-05 04:00:00,B3,69,232,22.228499359315855,123
2024-01-05 05:00:00,B3,329,76,28.09737063701712,219
2024-01-05 06:00:00,B3,358,115,23.655446008777975,290
2024-01-05 07:00:00,B1,337,153,29.749259256181855,275
2024-01-05 08:00:00,B3,276,102,25.609705659548844,192
2024-01-05 09:00:00,B3,370,193,19.515176898774033,285
2024-01-05 10:00:00,B1,238,165,26.114130744905207,213
2024-01-05 11:00:00,B3,279,89,21.90124818518039,208
2024-01-05 12:00:00,B1,325,173,26.23592636023317,269
2024-01-05 13:00:00,B2,295,121,18.83569377794887,222
2024-01-05 14:00:00,B3,300,142,20.098577246111514,235
2024-01-05 15:00:00,B2,222,105,28.268847106869437,178
2024-01-05 16:00:00,B1,174,122,20.72615468428218,154
2024-01-05 17:00:00,B3,14,8,28.04449350291528,0
2024-01-05 18:00:00,B1,348,261,21.351313061452924,310
2024-01-05 19:00:00,B2,388,72,25.714582920704494,253
2024-01-05 20:00:00,B1,87,222,26.32980688211797,142
2024-01-05 21:00:00,B3,419,40,24.151857037740633,297
2024-01-05 22:00:00,B3,71,203,21.663728120360776,127
2024-01-05 23:00:00,B2,141,263,20.551732516453153,186
2024-01-06 00:00:00,B1,98,177,18.398272254749116,138
2024-01-06 01:00:00,B3,246,83,21.647356814888685,185
2024-01-06 02:00:00,B2,51,110,25.837953486375397,78
2024-01-06 03:00:00,B3,98,250,29.259657821381793,164
2024-01-06 04:00:00,B3,411,6,28.454453787156623,269
2024-01-06 05:00:00,B1,305,83,27.19277731842363,204
2024-01-06 06:00:00,B3,337,207,27.461368119039584,289
2024-01-06 07:00:00,B1,304,21,25.979818841711943,181
2024-01-06 08:00:00,B3,113,2,21.123442290792035,74
2024-01-06 09:00:00,B2,23,126,28.88634036846996,55
2024-01-06 10:00:00,B3,297,296,26.048787742870008,292
2024-01-06 11:00:00,B1,188,187,24.72528757176528,184
2024-01-06 12:00:00,B1,134,13,19.331873630561773,95
2024-01-06 13:00:00,B2,431,11,23.364666525677105,272
2024-01-06 14:00:00,B3,362,86,23.524299254423116,239
2024-01-06 15:00:00,B3,32,11,28.374763314272037,24
2024-01-06 16:00:00,B2,72,24,24.559778642253463,45
2024-01-06 17:00:00,B3,152,242,22.564806587644917,175
2024-01-06 18:00:00,B3,490,121,29.721603942127913,340
2024-01-06 19:00:00,B1,162,146,19.32864711991579,152
2024-01-06 20:00:00,B3,154,54,23.070581139743336,138
2024-01-06 21:00:00,B3,234,237,18.504296102056863,239
2024-01-06 22:00:00,B2,459,172,26.878849449203166,330
2024-01-06 23:00:00,B2,471,220,29.01691862638981,364
2024-01-07 00:00:00,B1,318,118,21.360447954605874,248
2024-01-07 01:00:00,B3,113,182,28.300100121589452,161
2024-01-07 02:00:00,B3,113,287,21.506618765542772,166
2024-01-07 03:00:00,B3,444,299,28.92924193972698,367
2024-01-07 04:00:00,B1,48,81,27.04754284316141,79
2024-01-07 05:00:00,B1,444,210,27.658881322097265,354
2024-01-07 06:00:00,B2,207,149,18.216078667205455,175
2024-01-07 07:00:00,B1,143,36,29.55372428488831,105
2024-01-07 08:00:00,B3,76,58,26.720051904843878,42
2024-01-07 09:00:00,B3,400,130,21.6570131446336,292
2024-01-07 10:00:00,B1,188,201,27.952735978306166,196
2024-01-07 11:00:00,B3,465,242,21.378254380979158,385
2024-01-07 12:00:00,B3,51,34,28.473046074793537,34
2024-01-07 13:00:00,B1,457,92,19.350964684943243,311
2024-01-07 14:00:00,B1,24,206,26.444231729529548,87
2024-01-07 15:00:00,B3,120,212,24.488381719738925,159
2024-01-07 16:00:00,B3,166,158,19.15841364234529,153
2024-01-07 17:00:00,B3,298,23,20.90272593910607,183
2024-01-07 18:00:00,B2,487,292,18.14884843532778,399
2024-01-07 19:00:00,B2,240,3,23.625215585574068,151
2024-01-07 20:00:00,B2,420,219,21.615183129120005,348
2024-01-07 21:00:00,B1,429,19,25.180289811573104,262
2024-01-07 22:00:00,B2,166,151,21.566853692503408,160
2024-01-07 23:00:00,B1,47,49,21.599029338083817,33
2024-01-08 00:00:00,B1,450,176,26.91831838477924,337
2024-01-08 01:00:00,B2,106,95,18.577714031740243,101
2024-01-08 02:00:00,B2,494,104,28.834739942303848,364
2024-01-08 03:00:00,B2,420,249,28.227166492694177,340
2024-01-08 04:00:00,B3,448,116,26.01365619871688,329
2024-01-08 05:00:00,B2,298,227,25.118658841288614,279
2024-01-08 06:00:00,B3,263,65,28.70762997767583,186
2024-01-08 07:00:00,B1,205,261,20.223962154344573,244
2024-01-08 08:00:00,B3,95,294,18.947629946289943,178
2024-01-08 09:00:00,B2,331,242,20.874122038914457,299
2024-01-08 10:00:00,B1,19,185,27.534939344402282,84
2024-01-08 11:00:00,B1,14,245,18.4160432007178,118
2024-01-08 12:00:00,B1,132,124,24.993682021001874,139
2024-01-08 13:00:00,B3,339,267,29.945250194295717,303
2024-01-08 14:00:00,B2,362,130,28.26835312605047,256
2024-01-08 15:00:00,B1,127,236,24.257348268523074,168
2024-01-08 16:00:00,B1,303,17,18.76369091143971,180
2024-01-08 17:00:00,B1,406,39,27.97648217262852,258
2024-01-08 18:00:00,B3,168,20,25.187742098126527,121
2024-01-08 19:00:00,B3,312,224,19.379195964714803,272
2024-01-08 20:00:00,B2,237,281,19.126287417880274,254
2024-01-08 21:00:00,B3,374,7,28.915521833239108,227
2024-01-08 22:00:00,B1,225,99,26.03040315525694,183
2024-01-08 23:00:00,B2,445,239,27.951441591801064,340
2024-01-09 00:00:00,B1,193,86,28.547746803387206,144
2024-01-09 01:00:00,B1,24,297,24.861268224579867,135
2024-01-09 02:00:00,B3,166,13,24.209356221060496,116
2024-01-09 03:00:00,B2,145,1,23.16512892385188,82
2024-01-09 04:00:00,B3,270,292,21.80335905349343,260
2024-01-09 05:00:00,B3,166,40,23.215151530304542,121
2024-01-09 06:00:00,B2,56,110,27.286555868761877,71
2024-01-09 07:00:00,B1,333,13,25.22308117218158,193
2024-01-09 08:00:00,B1,341,230,28.71027947945815,290
2024-01-09 09:00:00,B2,182,83,23.320560172550252,140
2024-01-09 10:00:00,B1,139,129,25.28507494462505,128
2024-01-09 11:00:00,B2,420,230,25.575690637103865,321
2024-01-09 12:00:00,B2,104,144,25.100365947675904,128
2024-01-09 13:00:00,B3,124,27,26.431605277026197,97
2024-01-09 14:00:00,B2,252,65,20.849201620497674,183
2024-01-09 15:00:00,B3,429,162,24.14836533054949,310
2024-01-09 16:00:00,B1,301,228,19.25069763370017,269
2024-01-09 17:00:00,B1,291,260,22.61413593173775,278
2024-01-09 18:00:00,B1,308,163,23.852004823455175,255
2024-01-09 19:00:00,B1,292,286,25.826691114545667,296
2024-01-09 20:00:00,B3,78,9,29.406372631034444,43
2024-01-09 21:00:00,B1,157,194,25.20781279858027,172
2024-01-09 22:00:00,B2,20,117,26.923126994118718,63
2024-01-09 23:00:00,B2,263,269,24.075192713942435,279
2024-01-10 00:00:00,B2,339,79,25.609248376515975,242
2024-01-10 01:00:00,B3,369,92,18.85118659360528,266
2024-01-10 02:00:00,B1,47,265,21.052698970102163,135
2024-01-10 03:00:00,B1,143,256,22.342237118461664,202
2024-01-10 04:00:00,B1,209,132,23.669920260078165,182
2024-01-10 05:00:00,B3,32,275,18.547784946028607,120
2024-01-10 06:00:00,B2,312,263,19.680289170639814,306
2024-01-10 07:00:00,B2,355,170,21.32177169349567,287
2024-01-10 08:00:00,B1,311,0,29.658392290812607,182
2024-01-10 09:00:00,B2,372,63,21.976164085236608,243
2024-01-10 10:00:00,B2,405,283,23.78449269734499,359
2024-01-10 11:00:00,B3,227,120,20.353172552860716,188
2024-01-10 12:00:00,B3,150,106,25.32936085290922,134
2024-01-10 13:00:00,B3,113,174,21.368198586191692,140
2024-01-10 14:00:00,B3,455,203,20.483910941261122,371
2024-01-10 15:00:00,B1,219,164,24.19887154135175,207
2024-01-10 16:00:00,B3,482,119,18.06606958992505,338
2024-01-10 17:00:00,B2,490,43,18.091968391790704,320
2024-01-10 18:00:00,B1,120,155,20.628825709222294,123
2024-01-10 19:00:00,B2,113,206,18.440656350009853,154
2024-01-10 20:00:00,B2,325,107,19.296309049568297,255
2024-01-10 21:00:00,B2,180,250,22.066327792065017,205
2024-01-10 22:00:00,B3,469,129,27.631028154957754,324
2024-01-10 23:00:00,B3,365,292,24.86458372043161,329
2024-01-11 00:00:00,B1,333,19,24.152012711477,196
2024-01-11 01:00:00,B1,142,281,21.521865878497458,189
2024-01-11 02:00:00,B3,385,284,29.181044633193796,340
2024-01-11 03:00:00,B2,302,0,22.7641804948463,167
2024-01-11 04:00:00,B1,337,118,19.045113201549256,249
2024-01-11 05:00:00,B3,136,34,25.404798193413615,104
2024-01-11 06:00:00,B3,115,197,19.366060721719215,138
2024-01-11 07:00:00,B3,101,244,22.142677713620305,173
2024-01-11 08:00:00,B2,296,58,24.088943264613707,205
2024-01-11 09:00:00,B3,387,160,28.49067029622211,306
2024-01-11 10:00:00,B3,402,178,23.922558964081425,305
2024-01-11 11:00:00,B3,60,205,26.42710519237997,126
2024-01-11 12:00:00,B3,38,11,29.913802067988843,16
2024-01-11 13:00:00,B1,471,275,19.577869438775778,401
2024-01-11 14:00:00,B1,305,180,21.296778306234234,256
2024-01-11 15:00:00,B3,306,241,22.734912907171758,285
2024-01-11 16:00:00,B2,223,215,23.061938142465976,208
2024-01-11 17:00:00,B1,276,250,22.93225290318655,256
2024-01-11 18:00:00,B3,416,298,28.891332030678658,374
2024-01-11 19:00:00,B1,266,125,26.568391733602276,200
2024-01-11 20:00:00,B1,311,216,25.294862569088444,277
2024-01-11 21:00:00,B2,110,284,21.712472614353384,165
2024-01-11 22:00:00,B3,414,184,27.88548461065554,330
2024-01-11 23:00:00,B3,355,38,29.46072613781987,215
2024-01-12 00:00:00,B2,119,222,27.854379390602716,165
2024-01-12 01:00:00,B2,429,183,18.018781262297676,336
2024-01-12 02:00:00,B3,191,177,25.636816442200885,178
2024-01-12 03:00:00,B3,480,293,18.61362457730521,411
2024-01-12 04:00:00,B2,322,150,21.09128664400466,255
2024-01-12 05:00:00,B1,10,125,18.71429640417326,50
2024-01-12 06:00:00,B1,328,233,25.245545435392653,279
2024-01-12 07:00:00,B2,447,7,26.239078961911282,251
2024-01-12 08:00:00,B1,64,128,19.373851656790862,93
2024-01-12 09:00:00,B2,380,263,22.606066596539755,317
2024-01-12 10:00:00,B1,433,156,23.474838107466503,323
2024-01-12 11:00:00,B1,408,4,22.428636261130997,243
2024-01-12 12:00:00,B3,158,85,19.452300005822316,135
2024-01-12 13:00:00,B3,440,174,23.027373482249704,330
2024-01-12 14:00:00,B1,466,289,27.014136573701016,391
2024-01-12 15:00:00,B1,318,192,18.852091974399066,274
2024-01-12 16:00:00,B3,146,118,18.96216016898284,138
2024-01-12 17:00:00,B3,211,217,22.25725550203181,216
2024-01-12 18:00:00,B3,445,113,29.3007085394271,316
2024-01-12 19:00:00,B2,322,144,26.022871760674967,235
2024-01-12 20:00:00,B1,126,25,26.144039480070777,93
2024-01-12 21:00:00,B3,163,135,22.343039890054378,157
2024-01-12 22:00:00,B1,434,231,25.123929494502462,342
2024-01-12 23:00:00,B2,300,75,18.12157420833292,207
2024-01-13 00:00:00,B2,72,288,25.633152556914506,158
2024-01-13 01:00:00,B3,253,0,28.95944337091484,150
2024-01-13 02:00:00,B2,34,146,25.35088162013783,82
2024-01-13 03:00:00,B1,99,286,28.48438312159614,188
2024-01-13 04:00:00,B3,84,141,26.687676665593123,117
2024-01-13 05:00:00,B1,303,52,19.44670099684428,189
2024-01-13 06:00:00,B1,395,68,28.829439687430103,270
2024-01-13 07:00:00,B2,400,89,18.797326132269298,288
2024-01-13 08:00:00,B2,219,219,24.407609670573166,222
2024-01-13 09:00:00,B2,484,191,19.705645485521494,377
2024-01-13 10:00:00,B2,427,62,18.140479328770848,301
2024-01-13 11:00:00,B2,356,72,23.06441112153167,252
2024-01-13 12:00:00,B3,26,160,21.540488491849874,82
2024-01-13 13:00:00,B1,137,168,23.832005925571238,159
2024-01-13 14:00:00,B1,436,88,24.92639864081461,298
2024-01-13 15:00:00,B1,452,175,18.52486886770737,341
2024-01-13 16:00:00,B1,373,268,19.476039541484948,327
2024-01-13 17:00:00,B2,260,72,24.703708757405103,200
2024-01-13 18:00:00,B1,188,244,22.118008238071898,202
2024-01-13 19:00:00,B3,191,76,26.750081850593375,160
2024-01-13 20:00:00,B3,161,158,25.827499783103278,164
2024-01-13 21:00:00,B1,34,97,28.147252355878884,45
2024-01-13 22:00:00,B1,464,101,26.309913920030702,322
2024-01-13 23:00:00,B3,189,131,23.159172928681777,144
2024-01-14 00:00:00,B3,207,101,26.075599468733188,170
2024-01-14 01:00:00,B2,353,18,21.30457409106502,227
2024-01-14 02:00:00,B3,170,81,21.675761985338553,128
2024-01-14 03:00:00,B2,186,278,27.46782191904952,224
2024-01-14 04:00:00,B2,294,128,23.357034196818987,247
2024-01-14 05:00:00,B2,72,88,27.580564086220228,73
2024-01-14 06:00:00,B2,159,212,27.86906848401934,169
2024-01-14 07:00:00,B2,163,142,28.290748051935406,169
2024-01-14 08:00:00,B1,165,64,28.999622830094488,144
2024-01-14 09:00:00,B3,379,75,23.171822646159555,257
2024-01-14 10:00:00,B2,478,198,21.826401819853665,376
2024-01-14 11:00:00,B3,58,142,24.986384959129367,105
2024-01-14 12:00:00,B3,464,92,22.454069081251532,307
2024-01-14 13:00:00,B2,346,223,25.212890001602794,291
2024-01-14 14:00:00,B1,93,290,26.467030351725896,184
2024-01-14 15:00:00,B2,370,101,26.26086022190564,279
2024-01-14 16:00:00,B1,186,266,22.494634644241458,223
2024-01-14 17:00:00,B3,157,109,20.002322420385035,129
2024-01-14 18:00:00,B1,127,264,23.16635206154649,201
2024-01-14 19:00:00,B1,351,2,19.711129728982904,206
2024-01-14 20:00:00,B1,485,84,28.6811644222057,321
2024-01-14 21:00:00,B3,72,281,22.15052952885429,159
2024-01-14 22:00:00,B3,198,116,19.853516966679884,180
2024-01-14 23:00:00,B1,369,220,18.30537311886901,317
2024-01-15 00:00:00,B1,58,153,25.74986863543781,100
2024-01-15 01:00:00,B2,336,152,25.642827809456918,267
2024-01-15 02:00:00,B1,266,11,22.0872499989755,164
2024-01-15 03:00:00,B2,233,132,18.860542666171813,198
2024-01-15 04:00:00,B1,150,292,22.915546738742783,181
2024-01-15 05:00:00,B2,487,299,21.734609940760723,408
2024-01-15 06:00:00,B3,224,227,26.125447676820112,227
2024-01-15 07:00:00,B1,444,270,25.269350993432283,362
2024-01-15 08:00:00,B1,388,42,22.37512473837048,253
2024-01-15 09:00:00,B1,449,20,20.61471065105988,275
2024-01-15 10:00:00,B1,220,106,29.8564315938671,191
2024-01-15 11:00:00,B2,327,116,23.44801945435338,258
2024-01-15 12:00:00,B1,41,123,26.259290829362847,69
2024-01-15 13:00:00,B3,167,280,19.68663561094033,210
2024-01-15 14:00:00,B3,294,291,23.827076395912773,292
2024-01-15 15:00:00,B1,314,202,18.330440638433586,264
2024-01-15 16:00:00,B3,438,50,24.0654614149254,284
2024-01-15 17:00:00,B1,486,270,29.568208885412428,392
2024-01-15 18:00:00,B1,295,276,22.610480555829604,276
2024-01-15 19:00:00,B3,153,140,18.467952150898938,154
2024-01-15 20:00:00,B1,433,274,18.371469491032123,375
2024-01-15 21:00:00,B3,28,289,22.655841119362435,124
2024-01-15 22:00:00,B2,27,51,19.92029923755833,45
2024-01-15 23:00:00,B1,266,26,18.280225155938233,163
2024-01-16 00:00:00,B2,87,156,27.07456336740212,117
2024-01-16 01:00:00,B3,380,238,23.502276106582688,331
2024-01-16 02:00:00,B2,184,155,21.470937263671853,172
2024-01-16 03:00:00,B2,203,290,28.800998196197767,242
2024-01-16 04:00:00,B3,485,135,19.393667522406307,339
2024-01-16 05:00:00,B2,122,143,29.47102594746383,128
2024-01-16 06:00:00,B2,123,105,21.767600608528234,113
2024-01-16 07:00:00,B3,231,157,28.660844067704176,193
2024-01-16 08:00:00,B2,175,145,25.235314517753537,161
2024-01-16 09:00:00,B3,444,1,27.92048831689785,251
2024-01-16 10:00:00,B2,328,76,29.80815795852557,222
2024-01-16 11:00:00,B3,141,131,21.46086525382495,134
2024-01-16 12:00:00,B3,394,89,29.533625824891118,269
2024-01-16 13:00:00,B2,273,262,22.673782738829043,266
2024-01-16 14:00:00,B2,422,107,22.626142856843067,295
2024-01-16 15:00:00,B2,64,73,22.08464525105407,72
2024-01-16 16:00:00,B1,368,38,24.49689128817102,244
2024-01-16 17:00:00,B1,140,158,19.849740518141846,140
2024-01-16 18:00:00,B1,297,70,24.644537824296133,194
2024-01-16 19:00:00,B3,275,240,24.50045774892005,250
2024-01-16 20:00:00,B2,467,297,27.142821751258438,394
2024-01-16 21:00:00,B3,476,35,28.003799543251027,296
2024-01-16 22:00:00,B1,375,83,23.285296203749088,250
2024-01-16 23:00:00,B2,171,262,21.627998992217925,194
2024-01-17 00:00:00,B3,389,171,21.112018767805132,297
2024-01-17 01:00:00,B2,490,172,20.335486040458463,364
2024-01-17 02:00:00,B3,96,46,18.6917709863883,81
2024-01-17 03:00:00,B2,64,140,22.10937574601656,88
2024-01-17 04:00:00,B1,485,117,21.2429723055694,333
2024-01-17 05:00:00,B1,297,276,29.59700863039689,279
2024-01-17 06:00:00,B2,187,213,24.692505915000527,197
2024-01-17 07:00:00,B3,400,219,22.16732446836609,319
2024-01-17 08:00:00,B1,358,25,24.96561121192435,230
2024-01-17 09:00:00,B1,17,8,19.670360416148345,0
2024-01-17 10:00:00,B1,330,270,23.328524990426434,302
2024-01-17 11:00:00,B2,322,9,25.514811857052766,199
2024-01-17 12:00:00,B2,256,120,23.866773981509418,203
2024-01-17 13:00:00,B3,332,124,22.82134560785189,275
2024-01-17 14:00:00,B3,481,169,29.926180666796377,359
2024-01-17 15:00:00,B3,480,71,28.563777145787125,306
2024-01-17 16:00:00,B2,452,151,25.48087149791328,330
2024-01-17 17:00:00,B2,264,207,24.832528334187394,223
2024-01-17 18:00:00,B3,337,48,25.447925757895007,220
2024-01-17 19:00:00,B3,63,153,20.4157452938692,90
2024-01-17 20:00:00,B2,258,292,22.741652919171823,280
2024-01-17 21:00:00,B3,248,67,18.473514394690792,170
2024-01-17 22:00:00,B1,238,49,23.706552449841922,161
2024-01-17 23:00:00,B2,76,151,24.51629500749196,99
2024-01-18 00:00:00,B3,60,18,20.732996833238516,60
2024-01-18 01:00:00,B2,106,99,29.568346165986163,99
2024-01-18 02:00:00,B1,101,59,28.913455331246904,102
2024-01-18 03:00:00,B2,273,166,26.66571882547087,238
2024-01-18 04:00:00,B2,427,201,24.40063954518435,341
2024-01-18 05:00:00,B2,300,145,28.43962991577222,241
2024-01-18 06:00:00,B2,105,163,19.567828125881555,132
2024-01-18 07:00:00,B1,97,241,27.486117531298618,135
2024-01-18 08:00:00,B2,87,68,19.49784976760218,76
2024-01-18 09:00:00,B2,297,174,27.530527950592866,256
2024-01-18 10:00:00,B3,129,48,21.309210819016283,96
2024-01-18 11:00:00,B2,311,107,28.52508697221827,215
2024-01-18 12:00:00,B3,409,225,29.328505125904776,334
2024-01-18 13:00:00,B1,461,160,19.785551632861388,357
2024-01-18 14:00:00,B1,174,118,23.552107260784723,164
2024-01-18 15:00:00,B1,191,148,29.771848537952224,173
2024-01-18 16:00:00,B1,478,149,23.800889231677758,355
2024-01-18 17:00:00,B3,407,292,28.362570270174544,357
2024-01-18 18:00:00,B2,232,142,25.06477826557584,178
2024-01-18 19:00:00,B1,320,159,22.503958895035222,246
2024-01-18 20:00:00,B2,441,10,21.42940266631044,284
2024-01-18 21:00:00,B3,475,137,20.438677093033046,337
2024-01-18 22:00:00,B3,16,77,27.141578296532366,37
2024-01-18 23:00:00,B3,339,76,22.638486081876334,230
2024-01-19 00:00:00,B1,272,253,24.135305546409015,283
2024-01-19 01:00:00,B2,170,257,23.90790576001418,221
2024-01-19 02:00:00,B2,160,290,24.927348350797573,234
2024-01-19 03:00:00,B2,94,262,28.386925747494626,159
2024-01-19 04:00:00,B3,156,84,29.768872123001152,130
2024-01-19 05:00:00,B1,121,145,22.891010502885806,115
2024-01-19 06:00:00,B3,390,41,27.930227065275638,265
2024-01-19 07:00:00,B3,412,124,27.17433353585661,285
2024-01-19 08:00:00,B2,45,166,24.882347417466878,95
2024-01-19 09:00:00,B3,294,240,29.472565723343198,261
2024-01-19 10:00:00,B2,197,279,20.405694186340835,223
2024-01-19 11:00:00,B1,91,187,19.311170523715457,121
2024-01-19 12:00:00,B2,11,18,28.247543603465065,7
2024-01-19 13:00:00,B1,394,67,23.26979779960498,257
2024-01-19 14:00:00,B2,312,217,28.163626250484725,268
2024-01-19 15:00:00,B3,206,101,28.71708246234498,172
2024-01-19 16:00:00,B3,413,41,18.749491123428857,253
2024-01-19 17:00:00,B1,20,287,28.60157715583273,129
2024-01-19 18:00:00,B1,243,166,23.379828664433067,224
2024-01-19 19:00:00,B1,395,108,24.125189868050786,275
2024-01-19 20:00:00,B2,204,35,25.519110133118524,129
2024-01-19 21:00:00,B2,480,231,29.116591280761043,378
2024-01-19 22:00:00,B1,128,228,18.229393133157167,179
2024-01-19 23:00:00,B3,405,163,23.722121619813805,310
2024-01-20 00:00:00,B2,29,72,26.252664509166728,40
2024-01-20 01:00:00,B2,270,135,26.672483492378742,220
2024-01-20 02:00:00,B2,302,69,26.310389178445295,197
2024-01-20 03:00:00,B1,431,195,19.613221552897464,343
2024-01-20 04:00:00,B1,265,268,21.592747060460177,270
2024-01-20 05:00:00,B1,231,48,22.30458630500416,154
2024-01-20 06:00:00,B1,402,129,27.65324649215406,284
2024-01-20 07:00:00,B1,235,4,21.345118468974636,133
2024-01-20 08:00:00,B3,62,26,20.52845956640644,52
2024-01-20 09:00:00,B3,437,159,29.489376228457154,338
2024-01-20 10:00:00,B1,364,148,18.106359421361628,271
2024-01-20 11:00:00,B2,351,263,29.97385026818374,320
2024-01-20 12:00:00,B1,373,229,26.121855586288746,294
2024-01-20 13:00:00,B3,289,199,27.941631593389403,247
2024-01-20 14:00:00,B3,90,49,21.535432756154318,73
2024-01-20 15:00:00,B2,211,66,18.17178333200472,143
2024-01-20 16:00:00,B3,167,299,26.854434222738362,210
2024-01-20 17:00:00,B1,129,57,28.00973516400811,93
2024-01-20 18:00:00,B2,68,258,26.88571358344223,146
2024-01-20 19:00:00,B1,224,129,19.714203447610064,184
2024-01-20 20:00:00,B1,137,214,27.04113506708363,145
2024-01-20 21:00:00,B2,233,171,27.227073385291693,186
2024-01-20 22:00:00,B1,218,257,25.90248618804066,227
2024-01-20 23:00:00,B3,379,101,27.193391193547036,272
2024-01-21 00:00:00,B1,124,208,28.151057276132786,130
2024-01-21 01:00:00,B2,218,290,25.363249370849502,241
2024-01-21 02:00:00,B2,23,285,19.06325656763615,122
2024-01-21 03:00:00,B2,18,115,23.85153371600653,70
2024-01-21 04:00:00,B1,49,263,18.931792016059262,130
2024-01-21 05:00:00,B2,459,149,22.890516372389172,338
2024-01-21 06:00:00,B2,246,299,22.885277869507533,268
2024-01-21 07:00:00,B1,290,35,18.792118129682898,166
2024-01-21 08:00:00,B3,368,286,22.185846407633754,342
2024-01-21 09:00:00,B1,210,207,19.331977185495777,210
2024-01-21 10:00:00,B2,255,105,27.698822520110667,200
2024-01-21 11:00:00,B2,287,157,29.37225631157365,274
2024-01-21 12:00:00,B1,244,120,18.867797703095263,173
2024-01-21 13:00:00,B3,13,54,29.461382487500416,46
2024-01-21 14:00:00,B2,163,11,24.270919192040942,99
2024-01-21 15:00:00,B2,451,144,21.594788135446485,331
2024-01-21 16:00:00,B2,38,135,18.922344903313963,76
2024-01-21 17:00:00,B1,118,2,24.007491216845015,67
2024-01-21 18:00:00,B2,107,143,27.534186533888985,115
2024-01-21 19:00:00,B3,224,29,26.48503772720038,149
2024-01-21 20:00:00,B2,302,236,18.602712137567686,260
2024-01-21 21:00:00,B2,84,278,18.874822024414843,169
2024-01-21 22:00:00,B3,335,114,22.834479391591646,242
2024-01-21 23:00:00,B2,155,103,21.54348592857532,122
2024-01-22 00:00:00,B1,137,117,20.788611876672576,124
2024-01-22 01:00:00,B1,350,4,21.372053986904564,224
2024-01-22 02:00:00,B1,51,247,27.641792919562615,124
2024-01-22 03:00:00,B3,365,120,29.15073664358225,270
2024-01-22 04:00:00,B2,50,285,22.861232334330797,136
2024-01-22 05:00:00,B1,431,148,28.873332025589967,325
2024-01-22 06:00:00,B3,43,83,21.857948414974583,65
2024-01-22 07:00:00,B2,26,230,23.717243836125498,126
2024-01-22 08:00:00,B3,174,287,20.712347973791996,217
2024-01-22 09:00:00,B1,162,160,25.68571250611013,167
2024-01-22 10:00:00,B1,495,271,29.747773382097705,406
2024-01-22 11:00:00,B1,387,37,25.241917152520543,259
2024-01-22 12:00:00,B3,85,225,22.293769009362585,133
2024-01-22 13:00:00,B3,96,141,25.773809351886342,121
2024-01-22 14:00:00,B1,126,291,19.47504814158465,190
2024-01-22 15:00:00,B3,371,150,28.663908963184785,281
2024-01-22 16:00:00,B1,351,113,24.037007409358036,256
2024-01-22 17:00:00,B1,478,236,23.392196904475703,383
2024-01-22 18:00:00,B2,36,65,25.030377461442228,46
2024-01-22 19:00:00,B3,322,257,25.49740635347283,298
2024-01-22 20:00:00,B1,296,248,18.861309674718157,292
2024-01-22 21:00:00,B1,143,179,26.19140665468083,167
2024-01-22 22:00:00,B3,228,189,20.903180163786356,221
2024-01-22 23:00:00,B2,177,153,26.567431590079078,162
2024-01-23 00:00:00,B2,107,195,27.87041753261036,133
2024-01-23 01:00:00,B1,277,261,27.647502090630244,280
2024-01-23 02:00:00,B3,246,142,24.63001160889467,213
2024-01-23 03:00:00,B2,318,100,24.242038707729016,245
2024-01-23 04:00:00,B3,464,243,19.71451153607294,369
2024-01-23 05:00:00,B3,403,11,27.304153804837625,243
2024-01-23 06:00:00,B1,182,238,21.256912565360572,188
2024-01-23 07:00:00,B2,410,48,23.960345073815358,261
2024-01-23 08:00:00,B1,419,41,21.411289115130202,277
2024-01-23 09:00:00,B2,478,165,19.605940355996317,348
2024-01-23 10:00:00,B2,485,81,25.55469236270084,329
2024-01-23 11:00:00,B2,199,290,18.651984417874846,233
2024-01-23 12:00:00,B2,131,157,26.9837428095144,144
2024-01-23 13:00:00,B2,55,215,21.8110415431334,107
2024-01-23 14:00:00,B3,73,157,18.001616316053823,107
2024-01-23 15:00:00,B1,139,133,24.133549670846758,106
2024-01-23 16:00:00,B3,319,66,18.562222902331236,215
2024-01-23 17:00:00,B2,372,6,21.314034693850793,209
2024-01-23 18:00:00,B1,202,13,26.483717849468594,138
2024-01-23 19:00:00,B2,316,72,18.75227545946239,226
2024-01-23 20:00:00,B1,190,162,28.072061908272026,183
2024-01-23 21:00:00,B3,301,65,18.045839071902996,221
2024-01-23 22:00:00,B1,380,129,20.961886430422826,270
2024-01-23 23:00:00,B1,291,205,26.890848673824856,274
2024-01-24 00:00:00,B1,38,275,21.795241796751682,142
2024-01-24 01:00:00,B1,158,255,19.22270865679216,194
2024-01-24 02:00:00,B1,276,265,22.322807025605137,282
2024-01-24 03:00:00,B2,305,24,21.244719436614307,181
2024-01-24 04:00:00,B1,20,280,28.11254282592666,115
2024-01-24 05:00:00,B1,173,252,21.76017501102172,198
2024-01-24 06:00:00,B3,122,288,27.467189661312087,183
2024-01-24 07:00:00,B1,196,163,28.702465737728815,172
2024-01-24 08:00:00,B3,304,94,23.205809034918353,232
2024-01-24 09:00:00,B2,241,269,28.919317726252704,249
2024-01-24 10:00:00,B1,236,109,22.527816647558314,188
2024-01-24 11:00:00,B3,319,237,29.5689409978813,280
2024-01-24 12:00:00,B3,107,24,19.071474294306874,55
2024-01-24 13:00:00,B2,64,140,26.24423119803891,97
2024-01-24 14:00:00,B1,120,116,23.925768485483143,99
2024-01-24 15:00:00,B1,161,24,22.651785665467763,105
2024-01-24 16:00:00,B3,255,78,25.59254254498321,170
2024-01-24 17:00:00,B1,415,67,26.446285099611973,295
2024-01-24 18:00:00,B3,78,172,18.05235923580371,124
2024-01-24 19:00:00,B1,321,11,20.003437064966384,198
2024-01-24 20:00:00,B3,298,287,26.556552607611824,306
2024-01-24 21:00:00,B1,259,127,25.996624962938476,197
2024-01-24 22:00:00,B2,45,95,29.592570061544127,70
2024-01-24 23:00:00,B1,248,91,27.132453483009396,187
2024-01-25 00:00:00,B1,157,140,29.409272492776054,152
2024-01-25 01:00:00,B2,476,30,26.43048601841768,310
2024-01-25 02:00:00,B1,236,19,21.576626503673317,156
2024-01-25 03:00:00,B2,253,145,19.264379067010278,212
2024-01-25 04:00:00,B1,346,159,27.381886360139227,254
2024-01-25 05:00:00,B3,455,42,25.729790657710993,280
2024-01-25 06:00:00,B3,374,253,18.578232148719554,324
2024-01-25 07:00:00,B1,491,129,22.320605590811738,347
2024-01-25 08:00:00,B1,210,59,29.481597785811434,138
2024-01-25 09:00:00,B1,163,150,24.004813748522416,181
2024-01-25 10:00:00,B3,459,286,23.192749632236456,404
2024-01-25 11:00:00,B1,82,4,23.492395261911525,56
2024-01-25 12:00:00,B3,210,265,20.506592688061964,232
2024-01-25 13:00:00,B2,305,129,22.424486050377542,232
2024-01-25 14:00:00,B3,26,266,22.43775907184612,112
2024-01-25 15:00:00,B3,138,177,18.62826024224967,154
2024-01-25 16:00:00,B2,226,252,27.21081154221502,238
2024-01-25 17:00:00,B3,70,55,22.998053182846547,51
2024-01-25 18:00:00,B1,436,82,27.866158641797078,297
2024-01-25 19:00:00,B1,113,98,28.204176013438744,105
2024-01-25 20:00:00,B3,51,148,20.543928656383898,70
2024-01-25 21:00:00,B1,34,155,25.888241786041544,73
2024-01-25 22:00:00,B3,48,189,23.66738164995578,100
2024-01-25 23:00:00,B1,300,262,28.561880855057822,303
2024-01-26 00:00:00,B1,140,79,20.588888150117448,121
2024-01-26 01:00:00,B3,238,251,26.13375840372053,229
2024-01-26 02:00:00,B1,117,96,25.29302546703267,113
2024-01-26 03:00:00,B3,181,259,21.543617730861992,196
2024-01-26 04:00:00,B1,444,259,19.63921084381407,380
2024-01-26 05:00:00,B1,487,102,25.819677125727317,328
2024-01-26 06:00:00,B2,111,39,26.86316949758797,81
2024-01-26 07:00:00,B2,363,272,21.7875281251602,339
2024-01-26 08:00:00,B3,21,100,25.737991248267765,39
2024-01-26 09:00:00,B2,284,220,22.74157089133804,244
2024-01-26 10:00:00,B3,110,123,26.55848259939141,109
2024-01-26 11:00:00,B2,53,230,20.390583298728636,134
2024-01-26 12:00:00,B1,452,177,28.682580031634092,326
2024-01-26 13:00:00,B3,314,62,21.448915157586956,184
2024-01-26 14:00:00,B3,454,115,22.413431853073835,313
2024-01-26 15:00:00,B1,26,190,18.697103424964197,97
2024-01-26 16:00:00,B3,339,61,19.338146547855317,239
2024-01-26 17:00:00,B3,66,255,24.190342832547937,136
2024-01-26 18:00:00,B2,320,6,21.211112120735656,190
2024-01-26 19:00:00,B3,312,154,28.025762708906335,260
2024-01-26 20:00:00,B1,21,91,18.176320663859446,30
2024-01-26 21:00:00,B2,327,13,22.549128584063233,197
2024-01-26 22:00:00,B2,89,228,22.04814656122911,146
2024-01-26 23:00:00,B1,225,85,18.231931571011213,173
2024-01-27 00:00:00,B1,348,132,19.49242078800612,256
2024-01-27 01:00:00,B2,273,182,22.963712099023624,236
2024-01-27 02:00:00,B3,488,61,23.91437501336936,292
2024-01-27 03:00:00,B2,158,218,22.85147696705843,175
2024-01-27 04:00:00,B1,90,245,24.371252140945124,156
2024-01-27 05:00:00,B2,224,229,25.14158009886818,216
2024-01-27 06:00:00,B1,494,78,18.119085853534028,328
2024-01-27 07:00:00,B2,383,148,23.569141913442046,293
2024-01-27 08:00:00,B3,473,137,29.56199089065106,335
2024-01-27 09:00:00,B2,207,64,24.228387361554585,151
2024-01-27 10:00:00,B2,209,12,26.13050720950744,120
2024-01-27 11:00:00,B1,34,212,21.742366295002597,103
2024-01-27 12:00:00,B1,475,241,27.28789653783315,387
2024-01-27 13:00:00,B1,98,212,27.27505778251338,145
2024-01-27 14:00:00,B2,277,180,24.25555257184967,232
2024-01-27 15:00:00,B3,152,172,29.712165879350565,162
2024-01-27 16:00:00,B1,68,159,19.506602577151842,111
2024-01-27 17:00:00,B1,419,163,18.203371978674973,296
2024-01-27 18:00:00,B2,498,187,27.241898541085153,385
2024-01-27 19:00:00,B1,374,190,27.68586644837859,297
2024-01-27 20:00:00,B3,35,255,19.442486749446914,127
2024-01-27 21:00:00,B3,56,182,21.186993995503272,118
2024-01-27 22:00:00,B1,297,116,18.210628360399546,210
2024-01-27 23:00:00,B1,275,281,21.519703329366777,270
2024-01-28 00:00:00,B2,25,195,27.277702487024058,90
2024-01-28 01:00:00,B3,208,33,24.215526332550947,130
2024-01-28 02:00:00,B3,410,51,22.177147118019455,283
2024-01-28 03:00:00,B1,416,111,22.460871538875963,285
2024-01-28 04:00:00,B2,291,251,18.016243508585617,269
2024-01-28 05:00:00,B3,478,81,21.59760633078283,321
2024-01-28 06:00:00,B3,95,231,25.757504899655167,137
2024-01-28 07:00:00,B2,259,226,29.690333325796285,241
2024-01-28 08:00:00,B2,400,232,28.164729923806796,335
2024-01-28 09:00:00,B3,279,220,18.28313957574635,252
2024-01-28 10:00:00,B3,344,41,28.78272725609807,221
2024-01-28 11:00:00,B2,126,20,27.398380959583513,78
2024-01-28 12:00:00,B3,16,41,27.364513482851763,10
2024-01-28 13:00:00,B1,146,112,23.495949108042858,135
2024-01-28 14:00:00,B1,380,104,22.776063515454034,287
2024-01-28 15:00:00,B2,185,191,21.63498874599831,187
2024-01-28 16:00:00,B2,337,16,18.78833830745239,210
2024-01-28 17:00:00,B2,324,119,20.73882436192439,248
2024-01-28 18:00:00,B1,224,128,20.959243619736295,172
2024-01-28 19:00:00,B3,486,129,23.80892483652242,360
2024-01-28 20:00:00,B1,91,59,26.969332879160326,80
2024-01-28 21:00:00,B3,232,47,23.68571794077536,174
2024-01-28 22:00:00,B1,487,28,18.694133393365927,296
2024-01-28 23:00:00,B3,381,96,29.493477611858445,285
2024-01-29 00:00:00,B1,432,9,29.31269182912935,270
2024-01-29 01:00:00,B2,492,241,27.4222745177809,397
2024-01-29 02:00:00,B1,411,231,29.895934818770648,341
2024-01-29 03:00:00,B3,452,276,24.533787993603156,379
2024-01-29 04:00:00,B1,499,283,29.55322020303847,424
2024-01-29 05:00:00,B1,112,202,18.90726048740101,149
2024-01-29 06:00:00,B1,282,246,22.388168979136456,247
2024-01-29 07:00:00,B2,23,289,20.70457521608119,118
2024-01-29 08:00:00,B1,168,263,20.34999700961124,204
2024-01-29 09:00:00,B2,161,213,19.689635386712112,184
2024-01-29 10:00:00,B2,492,199,25.46896369879196,374
2024-01-29 11:00:00,B1,117,78,27.37586226896766,113
2024-01-29 12:00:00,B1,197,172,24.93958079304433,167
2024-01-29 13:00:00,B1,310,68,19.763552515058517,214
2024-01-29 14:00:00,B3,107,86,27.73348523920165,80
2024-01-29 15:00:00,B1,140,100,25.63145648596474,131
2024-01-29 16:00:00,B2,302,7,22.657988473523947,183
2024-01-29 17:00:00,B1,180,199,26.089563546432757,191
2024-01-29 18:00:00,B3,433,86,21.118859750913995,285
2024-01-29 19:00:00,B1,483,42,22.142306501930527,319
2024-01-29 20:00:00,B3,192,108,29.00983011758388,168
2024-01-29 21:00:00,B3,480,151,21.486054068057044,354
2024-01-29 22:00:00,B1,373,16,23.63985921789524,228
2024-01-29 23:00:00,B2,48,132,28.681693648752177,87
2024-01-30 00:00:00,B3,24,147,26.49265620321033,66
2024-01-30 01:00:00,B1,385,276,18.74643871397643,349
2024-01-30 02:00:00,B1,13,231,19.767636531347645,116
2024-01-30 03:00:00,B2,358,227,18.094099089263,316
2024-01-30 04:00:00,B3,479,138,25.57106148274996,335
2024-01-30 05:00:00,B3,418,210,23.37208110492502,338
2024-01-30 06:00:00,B1,406,27,19.611298210827307,241
2024-01-30 07:00:00,B1,219,50,29.495209452681244,157
2024-01-30 08:00:00,B2,170,260,24.355916687347438,210
2024-01-30 09:00:00,B2,25,260,20.90271952935467,100
2024-01-30 10:00:00,B3,435,7,24.00724285385649,252
2024-01-30 11:00:00,B3,117,137,26.155443992821294,122
2024-01-30 12:00:00,B1,391,37,18.914870615682773,246
2024-01-30 13:00:00,B3,459,110,21.296445780574704,307
2024-01-30 14:00:00,B2,320,219,27.683585890607922,283
2024-01-30 15:00:00,B2,236,222,23.515978444831937,232
2024-01-30 16:00:00,B1,179,135,24.55892570438754,159
2024-01-30 17:00:00,B2,43,255,23.19379202651363,120
2024-01-30 18:00:00,B2,423,48,18.52679931171606,283
2024-01-30 19:00:00,B2,260,291,19.98899735784187,288
2024-01-30 20:00:00,B2,256,77,23.34649966490269,179
2024-01-30 21:00:00,B1,278,104,20.510225584895135,202
2024-01-30 22:00:00,B1,150,168,18.599748343916144,162
2024-01-30 23:00:00,B3,283,216,28.123795968621884,252
2024-01-31 00:00:00,B2,425,118,29.77431034996939,300
2024-01-31 01:00:00,B3,105,189,27.517714487960873,145
2024-01-31 02:00:00,B1,236,254,28.245419060456005,224
2024-01-31 03:00:00,B1,388,265,20.903725563804546,351
2024-01-31 04:00:00,B1,48,148,29.527523706158398,88
2024-01-31 05:00:00,B1,311,163,20.36310845344114,247
2024-01-31 06:00:00,B1,38,139,29.417157724341987,77
2024-01-31 07:00:00,B1,455,257,29.937831527591413,375
2024-01-31 08:00:00,B1,486,268,26.540673668952586,381
2024-01-31 09:00:00,B2,327,180,29.773724781501862,283
2024-01-31 10:00:00,B3,254,159,24.834477354805244,216
2024-01-31 11:00:00,B1,245,287,21.114501398113084,266
2024-01-31 12:00:00,B2,194,287,23.243950627987452,240
2024-01-31 13:00:00,B2,281,225,25.122731224545433,248
2024-01-31 14:00:00,B3,449,10,18.87697874432418,278
2024-01-31 15:00:00,B1,245,9,25.468119175406954,147
2024-01-31 16:00:00,B3,248,270,29.774134041147533,265
2024-01-31 17:00:00,B1,386,272,20.28129179740473,319
2024-01-31 18:00:00,B2,275,182,27.511141395460598,236
2024-01-31 19:00:00,B2,423,152,28.89478552535543,308
2024-01-31 20:00:00,B2,418,123,29.32441911384265,304
2024-01-31 21:00:00,B2,368,113,29.521627252865365,270
2024-01-31 22:00:00,B3,349,277,24.257515664657664,313
2024-01-31 23:00:00,B1,398,212,29.727694895898043,316
2024-02-01 00:00:00,B1,74,171,27.087722485613266,111
2024-02-01 01:00:00,B3,487,287,19.940057234843543,398
2024-02-01 02:00:00,B1,186,173,23.722801277615638,189
2024-02-01 03:00:00,B2,12,112,26.61997410446405,48
2024-02-01 04:00:00,B1,438,121,20.968083789829,282
2024-02-01 05:00:00,B2,151,31,25.687382202586647,99
2024-02-01 06:00:00,B3,385,221,25.999205748559433,309
2024-02-01 07:00:00,B1,167,118,19.95239692570279,131
2024-02-01 08:00:00,B3,333,38,24.781023749433075,202
2024-02-01 09:00:00,B1,155,267,27.25952293174329,200
2024-02-01 10:00:00,B2,455,232,23.986747974431303,379
2024-02-01 11:00:00,B3,302,17,18.145237401313288,191
2024-02-01 12:00:00,B1,162,148,18.108461628951506,150
2024-02-01 13:00:00,B2,441,148,22.284352127640148,328
2024-02-01 14:00:00,B3,202,125,29.114328821181385,166
2024-02-01 15:00:00,B3,446,237,20.744121355243305,355
2024-02-01 16:00:00,B1,472,134,25.612364266460247,325
2024-02-01 17:00:00,B1,82,150,20.664910448319848,91
2024-02-01 18:00:00,B1,408,235,21.860039875914584,334
2024-02-01 19:00:00,B2,314,223,28.176505075217808,279
2024-02-01 20:00:00,B1,386,202,26.74633730723936,311
2024-02-01 21:00:00,B3,353,255,19.144791327758526,309
2024-02-01 22:00:00,B3,461,85,23.144424251837204,301
2024-02-01 23:00:00,B1,149,149,18.350037163743174,155
2024-02-02 00:00:00,B1,196,234,23.77068175923611,198
2024-02-02 01:00:00,B3,302,21,25.949208140412818,197
2024-02-02 02:00:00,B2,70,284,19.42203148317782,145
2024-02-02 03:00:00,B1,494,268,21.466619266909987,396
2024-02-02 04:00:00,B1,436,257,22.774039506025883,349
2024-02-02 05:00:00,B3,389,28,29.034372295872597,239
2024-02-02 06:00:00,B1,207,212,29.91906018507557,218
2024-02-02 07:00:00,B2,304,282,18.53893558794739,300
2024-02-02 08:00:00,B3,449,49,27.132095081944705,298
2024-02-02 09:00:00,B1,328,94,22.46068879682812,239
2024-02-02 10:00:00,B3,311,87,22.70949823475376,210
2024-02-02 11:00:00,B1,353,43,27.051179680164275,225
2024-02-02 12:00:00,B1,20,277,29.021117185744906,114
2024-02-02 13:00:00,B1,71,170,29.41114313403058,123
2024-02-02 14:00:00,B2,342,188,24.92547103245985,268
2024-02-02 15:00:00,B2,235,183,22.285453911606034,223
2024-02-02 16:00:00,B3,162,2,27.450589030305352,106
2024-02-02 17:00:00,B1,208,190,21.012016599147604,219
2024-02-02 18:00:00,B1,61,117,24.768888346002214,79
2024-02-02 19:00:00,B2,269,18,22.302941538298477,175
2024-02-02 20:00:00,B1,68,22,25.879572884494515,72
2024-02-02 21:00:00,B2,81,29,20.88478695472208,54
2024-02-02 22:00:00,B1,157,294,20.29911534881791,196
2024-02-02 23:00:00,B3,358,107,29.018869040105244,238
2024-02-03 00:00:00,B1,72,280,19.221644195394443,162
2024-02-03 01:00:00,B1,319,127,24.07149489281918,223
2024-02-03 02:00:00,B2,382,228,20.650233395556107,316
2024-02-03 03:00:00,B1,252,110,18.46715955990801,199
2024-02-03 04:00:00,B1,375,135,18.432225819497116,280
2024-02-03 05:00:00,B2,339,185,20.10266126526993,281
2024-02-03 06:00:00,B3,116,143,28.401244254072004,129
2024-02-03 07:00:00,B3,235,71,21.38974492772432,182
2024-02-03 08:00:00,B2,322,128,29.40551004690355,234
2024-02-03 09:00:00,B2,227,260,24.979467515870322,233
2024-02-03 10:00:00,B2,434,2,23.23937027722519,253
2024-02-03 11:00:00,B2,250,103,24.961066016033456,199
2024-02-03 12:00:00,B2,268,223,24.200380622715215,259
2024-02-03 13:00:00,B3,385,9,27.105315045087902,239
2024-02-03 14:00:00,B3,271,230,21.389952791674226,266
2024-02-03 15:00:00,B2,14,218,22.236604699203628,83
2024-02-03 16:00:00,B1,270,65,28.72913163039901,204
2024-02-03 17:00:00,B2,63,111,29.357478157804866,97
2024-02-03 18:00:00,B1,56,12,28.710698729837695,45
2024-02-03 19:00:00,B2,224,85,23.03337592748776,186
2024-02-03 20:00:00,B2,186,233,27.36438603608258,188
2024-02-03 21:00:00,B3,18,89,23.716028799613184,41
2024-02-03 22:00:00,B1,108,53,23.970478225753226,78
2024-02-03 23:00:00,B1,29,11,20.456161308687406,29
2024-02-04 00:00:00,B3,387,208,25.093563639102197,304
2024-02-04 01:00:00,B3,250,13,20.233630773040176,162
2024-02-04 02:00:00,B3,70,120,21.978776388806324,103
2024-02-04 03:00:00,B3,388,19,28.260362419439222,247
2024-02-04 04:00:00,B1,499,74,20.484909710530264,331
2024-02-04 05:00:00,B1,428,242,18.853899422081195,343
2024-02-04 06:00:00,B2,187,222,18.828091111353796,192
2024-02-04 07:00:00,B2,347,69,29.289414246037296,248
2024-02-04 08:00:00,B3,71,210,24.083045255542014,134
2024-02-04 09:00:00,B3,154,100,22.91294486180422,132
2024-02-04 10:00:00,B3,225,185,27.730542972095023,204
2024-02-04 11:00:00,B2,12,131,28.02991113492619,39
2024-02-04 12:00:00,B2,169,110,21.986292397387256,134
2024-02-04 13:00:00,B2,236,131,26.323416689685544,213
2024-02-04 14:00:00,B2,495,19,27.25347379022264,291
2024-02-04 15:00:00,B2,278,23,25.855808242391454,177
2024-02-04 16:00:00,B2,129,226,19.819140897601194,177
2024-02-04 17:00:00,B2,390,153,28.510597002204683,282
2024-02-04 18:00:00,B3,98,292,24.469134632832105,177
2024-02-04 19:00:00,B3,338,229,21.389669116440043,303
2024-02-04 20:00:00,B3,77,201,23.102738225252327,126
2024-02-04 21:00:00,B3,407,37,18.45085308478689,287
2024-02-04 22:00:00,B2,366,259,19.53440161466901,306
2024-02-04 23:00:00,B1,107,187,27.18656100619033,149
2024-02-05 00:00:00,B2,276,56,18.000139617064395,186
2024-02-05 01:00:00,B1,114,19,22.998789941787507,83
2024-02-05 02:00:00,B3,449,272,24.27012217302706,382
2024-02-05 03:00:00,B2,332,118,18.655613040011666,239
2024-02-05 04:00:00,B3,132,70,29.676937955667995,109
2024-02-05 05:00:00,B2,485,3,20.713503974996062,273
2024-02-05 06:00:00,B3,38,220,21.65038463563537,116
2024-02-05 07:00:00,B1,146,13,21.647310147060328,95
2024-02-05 08:00:00,B1,204,2,20.7649999454082,129
2024-02-05 09:00:00,B1,418,215,18.017685865035737,347
2024-02-05 10:00:00,B2,235,228,26.752137529055958,235
2024-02-05 11:00:00,B1,341,185,29.602145997591425,280
2024-02-05 12:00:00,B2,179,54,20.691521799420542,120
2024-02-05 13:00:00,B1,18,253,25.956566301641068,104
2024-02-05 14:00:00,B1,472,23,26.902755923504582,304
2024-02-05 15:00:00,B2,49,161,28.181104549086296,108
2024-02-05 16:00:00,B2,34,157,23.071550364163308,80
2024-02-05 17:00:00,B1,270,81,21.63517086768515,194
2024-02-05 18:00:00,B2,404,158,21.903541608276374,296
2024-02-05 19:00:00,B1,452,187,26.551455997182153,357
2024-02-05 20:00:00,B2,235,59,27.80135359806763,171
2024-02-05 21:00:00,B3,481,210,20.179367613079233,392
2024-02-05 22:00:00,B3,133,151,22.45129209789318,131
2024-02-05 23:00:00,B3,472,108,28.8232823609898,322
2024-02-06 00:00:00,B3,47,75,27.68032223633687,60
2024-02-06 01:00:00,B3,337,29,29.81830083314971,220
2024-02-06 02:00:00,B1,260,116,27.05097911618497,200
2024-02-06 03:00:00,B3,398,191,22.71834241233507,306
2024-02-06 04:00:00,B3,185,18,25.087654007935654,127
2024-02-06 05:00:00,B3,99,172,25.932171050967845,135
2024-02-06 06:00:00,B3,411,227,18.94146979580549,328
2024-02-06 07:00:00,B2,463,182,24.53396350924638,364
2024-02-06 08:00:00,B1,46,112,26.511849941671315,84
2024-02-06 09:00:00,B3,325,182,20.007855648012725,269
2024-02-06 10:00:00,B3,185,145,27.367580609106685,169
2024-02-06 11:00:00,B3,470,115,25.00527336616934,333
2024-02-06 12:00:00,B1,293,112,29.426661428371133,211
2024-02-06 13:00:00,B2,462,250,18.5090675784827,377
2024-02-06 14:00:00,B1,470,250,21.183913650665602,360
2024-02-06 15:00:00,B2,90,117,25.21864655159789,109
2024-02-06 16:00:00,B3,123,160,21.558718946471167,122
2024-02-06 17:00:00,B3,49,197,26.57308996885491,123
2024-02-06 18:00:00,B1,310,259,27.108063390263172,286
2024-02-06 19:00:00,B1,233,147,19.230191568797693,196
2024-02-06 20:00:00,B2,327,239,24.166253570481214,285
2024-02-06 21:00:00,B2,358,46,24.10668666709267,230
2024-02-06 22:00:00,B1,124,197,22.43136924258649,167
2024-02-06 23:00:00,B2,195,46,29.195098350836066,110
2024-02-07 00:00:00,B1,332,77,27.930075838478654,242
2024-02-07 01:00:00,B2,65,123,26.36651258291564,91
2024-02-07 02:00:00,B1,49,74,26.57191962881997,46
2024-02-07 03:00:00,B1,363,136,23.54059372575743,261
2024-02-07 04:00:00,B1,49,89,29.05193425315891,81
2024-02-07 05:00:00,B2,356,60,26.335145127039425,228
2024-02-07 06:00:00,B2,470,137,26.747772739869795,325
2024-02-07 07:00:00,B2,246,49,28.340290845448145,178
2024-02-07 08:00:00,B1,298,258,21.28885907210629,285
2024-02-07 09:00:00,B2,271,106,27.684850846400437,195
2024-02-07 10:00:00,B2,225,112,20.342887235477903,181
2024-02-07 11:00:00,B1,156,253,22.144103426938656,184
2024-02-07 12:00:00,B3,345,117,22.027325451238113,264
2024-02-07 13:00:00,B1,177,197,29.742305620669686,195
2024-02-07 14:00:00,B2,101,50,28.278446684975123,85
2024-02-07 15:00:00,B1,362,244,26.414038339083117,318
2024-02-07 16:00:00,B3,68,34,26.724681139384682,72
2024-02-07 17:00:00,B1,68,68,24.74487353283085,67
2024-02-07 18:00:00,B2,313,48,29.36508800530223,195
2024-02-07 19:00:00,B3,178,73,23.95510503458834,140
2024-02-07 20:00:00,B2,278,191,22.566212518438732,264
2024-02-07 21:00:00,B3,372,260,19.95642404317909,317
2024-02-07 22:00:00,B3,54,69,27.434467827132696,56
2024-02-07 23:00:00,B1,354,89,26.813327184907095,252
2024-02-08 00:00:00,B1,190,259,22.61226046228962,217
2024-02-08 01:00:00,B2,179,125,18.302320967510752,147
2024-02-08 02:00:00,B1,365,230,28.067967932616128,322
2024-02-08 03:00:00,B1,200,294,18.137015801448882,260
2024-02-08 04:00:00,B3,164,128,26.44439735554861,151
2024-02-08 05:00:00,B1,431,279,29.643085316712686,361
2024-02-08 06:00:00,B3,197,99,23.25193593777844,142
2024-02-08 07:00:00,B3,16,296,20.819680859951433,130
2024-02-08 08:00:00,B3,142,181,26.45845212052058,168
2024-02-08 09:00:00,B2,244,173,27.80553770418702,220
2024-02-08 10:00:00,B2,54,187,24.55716379293417,107
2024-02-08 11:00:00,B2,323,56,29.604423303073755,210
2024-02-08 12:00:00,B3,258,30,18.620024659895535,155
2024-02-08 13:00:00,B2,40,83,24.057547179654335,65
2024-02-08 14:00:00,B2,32,151,26.6214473678706,88
2024-02-08 15:00:00,B1,435,35,28.35168565379015,259
2024-02-08 16:00:00,B2,403,212,20.15106734289348,342
2024-02-08 17:00:00,B2,169,105,27.600041781164176,149
2024-02-08 18:00:00,B3,372,219,24.632484908622544,324
2024-02-08 19:00:00,B3,446,162,22.75864418387956,318
2024-02-08 20:00:00,B3,167,219,19.580580342949123,174
2024-02-08 21:00:00,B3,48,269,28.383549106906948,134
2024-02-08 22:00:00,B3,424,119,19.887278498156583,307
2024-02-08 23:00:00,B3,91,181,21.71745431050919,144
2024-02-09 00:00:00,B2,365,105,21.480546383549243,268
2024-02-09 01:00:00,B3,267,216,28.45696841029025,244
2024-02-09 02:00:00,B3,215,204,26.072435930506778,200
2024-02-09 03:00:00,B1,86,69,27.56017676629647,91
2024-02-09 04:00:00,B2,486,43,21.005614785509987,299
2024-02-09 05:00:00,B2,21,227,25.498489195283987,119
2024-02-09 06:00:00,B2,304,183,24.860951797724987,252
2024-02-09 07:00:00,B3,459,106,27.993964521459255,333
2024-02-09 08:00:00,B3,233,83,28.873044725775127,179
2024-02-09 09:00:00,B3,22,249,18.145881257728643,111
2024-02-09 10:00:00,B1,55,20,26.088239028705512,35
2024-02-09 11:00:00,B3,164,195,18.62202958943675,172
2024-02-09 12:00:00,B1,122,177,24.58630398092827,148
2024-02-09 13:00:00,B2,242,6,21.45159274852414,148
2024-02-09 14:00:00,B3,26,69,21.681319194265694,37
2024-02-09 15:00:00,B1,369,126,22.23550204142828,270
2024-02-09 16:00:00,B1,232,159,25.45550938859532,203
2024-02-09 17:00:00,B3,363,247,22.00859958802523,295
2024-02-09 18:00:00,B2,197,202,26.792388607083364,203
2024-02-09 19:00:00,B2,457,147,22.854328626886435,323
2024-02-09 20:00:00,B2,353,142,18.820238403719504,257
2024-02-09 21:00:00,B1,374,198,27.405118109809287,286
2024-02-09 22:00:00,B1,172,153,21.429099895112472,146
2024-02-09 23:00:00,B1,335,141,23.19320255519115,243
2024-02-10 00:00:00,B1,476,164,26.225326598662818,344
2024-02-10 01:00:00,B2,423,20,21.989473885784545,281
2024-02-10 02:00:00,B3,464,81,18.67902787376059,305
2024-02-10 03:00:00,B1,83,68,22.487052564153764,78
2024-02-10 04:00:00,B1,242,130,29.333382992331643,201
2024-02-10 05:00:00,B2,233,86,25.700812767582697,175
2024-02-10 06:00:00,B3,491,217,26.057749784006482,380
2024-02-10 07:00:00,B3,328,160,25.587385843651678,248
2024-02-10 08:00:00,B2,421,177,20.38790566751324,337
2024-02-10 09:00:00,B2,69,116,23.02000636922736,105
2024-02-10 10:00:00,B3,344,195,27.011277580359817,267
2024-02-10 11:00:00,B1,231,85,19.21647477063791,162
2024-02-10 12:00:00,B3,46,288,21.334233313076545,140
2024-02-10 13:00:00,B2,486,80,21.31582930159024,313
2024-02-10 14:00:00,B1,287,151,23.184227131134072,237
2024-02-10 15:00:00,B1,205,60,29.76442489130622,139
2024-02-10 16:00:00,B2,413,60,18.810030560205863,293
2024-02-10 17:00:00,B2,361,27,24.22441193256714,239
2024-02-10 18:00:00,B2,493,42,20.152376184146526,314
2024-02-10 19:00:00,B3,251,168,29.64811854491693,228
2024-02-10 20:00:00,B3,333,85,19.35964205672957,244
2024-02-10 21:00:00,B1,228,176,22.843212028339096,201
2024-02-10 22:00:00,B2,201,16,26.854619818015273,118
2024-02-10 23:00:00,B1,26,97,26.45465313632934,55
2024-02-11 00:00:00,B1,21,197,23.072743642727186,100
2024-02-11 01:00:00,B1,415,97,22.15829001543262,289
2024-02-11 02:00:00,B1,410,64,22.77134854263445,255
2024-02-11 03:00:00,B2,403,4,21.17131515790367,235
2024-02-11 04:00:00,B1,383,1,20.463995264481596,229
2024-02-11 05:00:00,B2,202,21,23.796476370706678,128
2024-02-11 06:00:00,B2,31,111,21.222405072811288,82
2024-02-11 07:00:00,B3,483,56,21.449539978767,298
2024-02-11 08:00:00,B2,129,65,25.881072761694686,108
2024-02-11 09:00:00,B3,219,97,29.622447980398707,185
2024-02-11 10:00:00,B2,315,143,25.2436464067125,268
2024-02-11 11:00:00,B2,279,124,18.923753604779595,212
2024-02-11 12:00:00,B2,201,166,18.907003366248805,191
2024-02-11 13:00:00,B3,184,85,29.41707865014679,150
2024-02-11 14:00:00,B3,294,75,21.567489483688004,208
2024-02-11 15:00:00,B1,213,293,19.104803832989706,244
